file,bytes,sha256
stage13_dgm_pilot.R,9265,c3cf4b20cb4d58c6c7edff85c98179fd13de38d59b3359c180a996ef4d84f866
stage40_var_mechanism_calibration.R,25674,714ce3d3b18108592e9a9fc6a165a940ac5e3f3da154b33a795d197e4f3610fc
stage41_var_m8_m12_integration_pilot.R,20635,62abaa0a4e0057fe910698e7ffc56aeacc072100e46d4771f4768e59c7e9652b
stage43_frozen_var_m8_m12_smoke_test_v1_1.R,22143,8d53f263c058f5fdfdb6bca2b8c886f5b8ff0ce8b7cb02cdbe4dbcad0aefaf6e
stage44_var_performance_pipeline_pilot.R,22224,444d9437bb6211f6d1af90f09dbe72c18c32cfc6a0e5efe43036e946f08ea048
stage45_var_intermediate_precision_pilot.R,11467,db6f0dc6e64cc88c3519493fde83c2e82e8d98ca98e538a20cb5dcd075506474
stage46_final_simulation_design_freeze.R,10613,cf1942a1537096371f2c7bb331628c4d231d45c8b3423b70a0044a428af9d400
stage46_var_high_precision_confirmation.R,20944,7caec51caa1d7f2bcc116c1f6c9e9d0ff875bd36183b28159f3a89af5ba983df
stage47_final_production_preflight.R,24501,eef07c0316b6fbb19b24326dbd9a5f411c2e56d59f3c3975e880356bb71445af
stage48_final_main_production.R,24627,21461282b72cde05c38ac548f79ca0ead680fa8b2e3eef553115676fac2b8fd5
