"scenario_id","mechanism","structure","true_beta3","method","attempted","successful","convergence_rate","mean_estimate","bias","absolute_bias","empirical_se","mean_model_se","model_to_empirical_se_ratio","rmse","coverage_95","rejection_rate_005","rejection_label","mean_ci_width","mcse_bias","mcse_coverage","mcse_rejection","minimum_estimate","maximum_estimate"
"VS_B_N","VS","B",0,"M8_patient_clustered_GEE",1000,1000,1,-0.000193305837212822,-0.000193305837212822,0.000193305837212822,0.0318245457400304,0.0316557042432852,0.994694614084224,0.0318092168560376,0.944,0.056,"type_I_error",0.124090360633678,0.00100638050038705,0.00727076337120113,0.00727076337120113,-0.0994198769281029,0.116017206494522
"VS_B_N","VS","B",0,"M9_single_process_IIW_GEE",1000,1000,1,-0.000572002850291015,-0.000572002850291015,0.000572002850291015,0.0284457089842028,0.0272514271781823,0.958015396744593,0.0284372359506877,0.933,0.067,"type_I_error",0.106825594538474,0.000899532300483955,0.00790638982089803,0.00790638982089803,-0.0903802320461489,0.0830052258195909
"VS_B_N","VS","B",0,"M10_separate_two_process_IIW_GEE",1000,1000,1,-0.000523321984478555,-0.000523321984478555,0.000523321984478555,0.0284018420895146,0.0269985668703075,0.95059210544216,0.0283924608891707,0.933,0.067,"type_I_error",0.105834382131605,0.000898145107473021,0.00790638982089803,0.00790638982089803,-0.0892092948442918,0.0759221296113359
"VS_B_N","VS","B",0,"M11_combined_two_process_IIW_GEE",1000,1000,1,-0.000531979388395233,-0.000531979388395233,0.000531979388395233,0.028390410606917,0.02696607295917,0.949830325898846,0.0283811980206015,0.931,0.069,"type_I_error",0.105707005999946,0.00089778361225261,0.00801492358042171,0.00801492358042171,-0.0885322022461235,0.0776476864948841
"VS_B_N","VS","B",0,"M12_oracle_combined_IIW_GEE",1000,1000,1,-0.000783779117295364,-0.000783779117295364,0.000783779117295364,0.0281818716391563,0.0269132151185069,0.954983241109977,0.0281786795450302,0.937,0.063,"type_I_error",0.105499803264547,0.000891189031062369,0.00768316341099159,0.0076831634109916,-0.0832678189242411,0.0768367074254097
"VS_B_A","VS","B",0.2,"M8_patient_clustered_GEE",1000,1000,1,0.201704351052717,0.00170435105271739,0.00170435105271739,0.0324033952892289,0.031657501930301,0.97698101225905,0.0324320036191822,0.941,1,"power",0.12409740756678,0.00102468533036734,0.00745110730026082,0,0.101447191464752,0.314341863365601
"VS_B_A","VS","B",0.2,"M9_single_process_IIW_GEE",1000,1000,1,0.196781424551765,-0.00321857544823457,0.00321857544823457,0.02724031501897,0.0271964610466245,0.99839010773866,0.0274162717284164,0.947,1,"power",0.106610127302768,0.000861414396404379,0.00708456067798138,0,0.111392823817436,0.276532947481502
"VS_B_A","VS","B",0.2,"M10_separate_two_process_IIW_GEE",1000,1000,1,0.19665758622598,-0.00334241377401973,0.00334241377401973,0.0270030500186164,0.0269336451511572,0.997429739699354,0.0271957216384186,0.949,1,"power",0.105579888992536,0.0008539114183028,0.00695693898205238,0,0.110321345409417,0.287837055241408
"VS_B_A","VS","B",0.2,"M11_combined_two_process_IIW_GEE",1000,1000,1,0.196820318015309,-0.00317968198469079,0.00317968198469079,0.0270597328342308,0.0268995716664559,0.994081199221143,0.0272324675606647,0.949,1,"power",0.105446320932507,0.000855703886318128,0.00695693898205238,0,0.109334675767413,0.287751096772046
"VS_B_A","VS","B",0.2,"M12_oracle_combined_IIW_GEE",1000,1000,1,0.195286857006114,-0.00471314299388621,0.00471314299388621,0.0267105625736884,0.0268602570180214,1.00560431641677,0.0271100427098656,0.947,1,"power",0.105292207510644,0.000844662153173043,0.00708456067798138,0,0.111781465018037,0.280167219496924
"VS_SH_N","VS","SH",0,"M8_patient_clustered_GEE",1000,1000,1,0.00114659112532316,0.00114659112532316,0.00114659112532316,0.0324823769662945,0.0314882686582415,0.969395456832346,0.0324863722162963,0.943,0.057,"type_I_error",0.123434013140307,0.00102718295029681,0.00733150734842434,0.00733150734842433,-0.115140174591365,0.0975506599233862
"VS_SH_N","VS","SH",0,"M9_single_process_IIW_GEE",1000,1000,1,0.0011846522400691,0.0011846522400691,0.0011846522400691,0.0276567278200933,0.027310039605432,0.987464597514336,0.0276682688300318,0.944,0.056,"type_I_error",0.107055355253293,0.000874582525388384,0.00727076337120113,0.00727076337120113,-0.0962941878170072,0.0837368878860973
"VS_SH_N","VS","SH",0,"M10_separate_two_process_IIW_GEE",1000,1000,1,0.000817329032013127,0.000817329032013127,0.000817329032013127,0.0273559014935096,0.0269431559161626,0.98491200966472,0.0273544334235357,0.946,0.054,"type_I_error",0.105617171191357,0.000865069561666921,0.00714730718522718,0.00714730718522718,-0.0887236644663423,0.0826627692482328
"VS_SH_N","VS","SH",0,"M11_combined_two_process_IIW_GEE",1000,1000,1,0.000795565677605103,0.000795565677605103,0.000795565677605103,0.0272951244184268,0.0269155647876657,0.986094233353087,0.027293070877931,0.943,0.057,"type_I_error",0.10550901396765,0.000863147621799077,0.00733150734842434,0.00733150734842433,-0.0884429302775779,0.0802494197395556
"VS_SH_N","VS","SH",0,"M12_oracle_combined_IIW_GEE",1000,1000,1,0.000783443088748182,0.000783443088748182,0.000783443088748182,0.0269936595364772,0.0269218849545349,0.997341057745608,0.0269915316458585,0.943,0.057,"type_I_error",0.105533789021777,0.000853614465183928,0.00733150734842434,0.00733150734842433,-0.0913026898129982,0.0837633950377794
"VS_SH_A","VS","SH",0.2,"M8_patient_clustered_GEE",1000,1000,1,0.202554987074125,0.0025549870741252,0.0025549870741252,0.0319128196410281,0.0315137339065361,0.987494500987966,0.0319990248028326,0.941,1,"power",0.123533836913621,0.00100917196623806,0.00745110730026082,0,0.0954999789236057,0.308774491188997
"VS_SH_A","VS","SH",0.2,"M9_single_process_IIW_GEE",1000,1000,1,0.197297953356018,-0.00270204664398207,0.00270204664398207,0.0273989061985832,0.0272315593393716,0.99389220657209,0.0275181833863382,0.952,1,"power",0.106747712610337,0.000866429489848287,0.00675988165576884,0,0.110562042613833,0.288414679414643
"VS_SH_A","VS","SH",0.2,"M10_separate_two_process_IIW_GEE",1000,1000,1,0.196573874911369,-0.00342612508863064,0.00342612508863064,0.027539348482633,0.0268846119615872,0.976225417189566,0.0277379817624858,0.947,1,"power",0.105387678889422,0.000870870664822223,0.00708456067798138,0,0.117053136721694,0.28316570214542
"VS_SH_A","VS","SH",0.2,"M11_combined_two_process_IIW_GEE",1000,1000,1,0.196681628590126,-0.00331837140987356,0.00331837140987356,0.0275233942826378,0.026852431171013,0.975622079721175,0.0277090469778116,0.946,1,"power",0.105261530190371,0.000870366148719917,0.00714730718522718,0,0.118793854212386,0.282854525853384
"VS_SH_A","VS","SH",0.2,"M12_oracle_combined_IIW_GEE",1000,1000,1,0.195479887764877,-0.0045201122351235,0.0045201122351235,0.0271812147992682,0.0268634352777435,0.988308855072466,0.0275410790301344,0.949,1,"power",0.105304666288755,0.00085954548335964,0.00695693898205238,0,0.117051405526739,0.28388116545599
"VD_B_N","VD","B",0,"M8_patient_clustered_GEE",1000,1000,1,-0.0537946409316541,-0.0537946409316541,0.0537946409316541,0.0333481718256812,0.0312766894158851,0.937883179305176,0.0632838988725935,0.586,0.414,"type_I_error",0.12260462251027,0.00105456178771808,0.0155757503832079,0.0155757503832079,-0.167166408534691,0.0419541816129346
"VD_B_N","VD","B",0,"M9_single_process_IIW_GEE",1000,1000,1,-0.0100218824044939,-0.0100218824044939,0.0100218824044939,0.0267135084189538,0.0268694496703914,1.00583754290122,0.0285190470992102,0.935,0.065,"type_I_error",0.105328242707934,0.000844755308979775,0.0077958322198467,0.00779583221984671,-0.0964227819597234,0.0727444083155052
"VD_B_N","VD","B",0,"M10_separate_two_process_IIW_GEE",1000,1000,1,-0.00962927299498552,-0.00962927299498552,0.00962927299498552,0.0268576663865777,0.0266177931337622,0.99106872319572,0.0285190428994546,0.935,0.065,"type_I_error",0.104341749084348,0.000849313984185299,0.0077958322198467,0.00779583221984671,-0.0967737614648768,0.0701694859081506
"VD_B_N","VD","B",0,"M11_combined_two_process_IIW_GEE",1000,1000,1,-0.0103916805189891,-0.0103916805189891,0.0103916805189891,0.0269274154927326,0.0266031637827038,0.987958305537479,0.0288504357579201,0.931,0.069,"type_I_error",0.104284402028199,0.000851519644587403,0.00801492358042171,0.00801492358042171,-0.100580622922212,0.0679138735922879
"VD_B_N","VD","B",0,"M12_oracle_combined_IIW_GEE",1000,1000,1,-0.00695809690073514,-0.00695809690073514,0.00695809690073514,0.0264610611542083,0.0265094516649015,1.0018287441464,0.0273478094576031,0.95,0.05,"type_I_error",0.103917050526414,0.000836772225523023,0.00689202437604511,0.00689202437604511,-0.0931531944642214,0.0748127463675098
"VD_B_A","VD","B",0.2,"M8_patient_clustered_GEE",1000,1000,1,0.15026208207932,-0.0497379179206798,0.0497379179206798,0.0321228159770065,0.0312329062239746,0.972296645671759,0.0592005397785409,0.637,0.993,"power",0.12243299239798,0.00101581263345787,0.0152062815967613,0.00263647491928143,0.0505010991536992,0.247817815325736
"VD_B_A","VD","B",0.2,"M9_single_process_IIW_GEE",1000,1000,1,0.187073835161116,-0.0129261648388844,0.0129261648388844,0.0271676562700033,0.0269241118294749,0.991035500519147,0.0300737294511315,0.93,1,"power",0.105542518371541,0.000859116725017649,0.00806845710157772,0,0.091769972979307,0.278074921250074
"VD_B_A","VD","B",0.2,"M10_separate_two_process_IIW_GEE",1000,1000,1,0.187564865484108,-0.0124351345158925,0.0124351345158925,0.0271906823900946,0.0266503951168202,0.980129690549021,0.0298868942190135,0.929,1,"power",0.104469548857935,0.0008598448748693,0.00812151463706124,0,0.0836626794444627,0.278645362069898
"VD_B_A","VD","B",0.2,"M11_combined_two_process_IIW_GEE",1000,1000,1,0.187150760174668,-0.0128492398253317,0.0128492398253317,0.0271807866629295,0.0266243620249028,0.979528751506462,0.0300526094131768,0.924,1,"power",0.104367499137619,0.000859531944499845,0.00837997613361756,0,0.0829001322763426,0.277978415477494
"VD_B_A","VD","B",0.2,"M12_oracle_combined_IIW_GEE",1000,1000,1,0.186444666037943,-0.0135553339620566,0.0135553339620566,0.026884402365428,0.0266149365231617,0.989976870655204,0.0300964349762321,0.927,1,"power",0.104330551170794,0.000850159450071707,0.00822623850857729,0,0.0853913537940392,0.271483556593389
"VD_SH_N","VD","SH",0,"M8_patient_clustered_GEE",1000,1000,1,-0.0503545555910935,-0.0503545555910935,0.0503545555910935,0.0320533870595202,0.0311698702988664,0.972436087362212,0.0596822709951788,0.635,0.365,"type_I_error",0.122185891571556,0.00101361709831051,0.0152241584332271,0.0152241584332271,-0.174667649159565,0.0556582969845315
"VD_SH_N","VD","SH",0,"M9_single_process_IIW_GEE",1000,1000,1,-0.00830245262040676,-0.00830245262040676,0.00830245262040676,0.0264853189091961,0.0270327739538155,1.02067013225313,0.0277434923021273,0.947,0.053,"type_I_error",0.105968473898957,0.00083753932308986,0.00708456067798138,0.00708456067798138,-0.0913825782466445,0.0663214536264522
"VD_SH_N","VD","SH",0,"M10_separate_two_process_IIW_GEE",1000,1000,1,-0.00844056537280706,-0.00844056537280706,0.00844056537280706,0.0265457646830255,0.0266812501156931,1.00510384365586,0.0278427026130113,0.938,0.062,"type_I_error",0.104590500453517,0.000839450786292184,0.00762600813007697,0.00762600813007697,-0.0927502704826689,0.0739034717236765
"VD_SH_N","VD","SH",0,"M11_combined_two_process_IIW_GEE",1000,1000,1,-0.00855032871537585,-0.00855032871537585,0.00855032871537585,0.0265142297745378,0.0266582641053403,1.00543234074787,0.0278461756314476,0.939,0.061,"type_I_error",0.104500395292934,0.000838453564925921,0.00756828910652864,0.00756828910652864,-0.0939556508948091,0.0752147702305359
"VD_SH_N","VD","SH",0,"M12_oracle_combined_IIW_GEE",1000,1000,1,-0.00530421903949842,-0.00530421903949842,0.00530421903949842,0.0259487742485269,0.0266307600483984,1.02628200443457,0.0264726327692391,0.955,0.045,"type_I_error",0.104392579389722,0.000820572291148692,0.00655553201502365,0.00655553201502365,-0.0859387310917891,0.0729031308117431
"VD_SH_A","VD","SH",0.2,"M8_patient_clustered_GEE",1000,1000,1,0.15162724514663,-0.0483727548533702,0.0483727548533702,0.0314726446199442,0.0310198121454169,0.98561187088039,0.0577014752334651,0.651,0.989,"power",0.121597663610034,0.000995252409880681,0.0150731217735411,0.00329833291224522,0.0455238788138848,0.239264617834869
"VD_SH_A","VD","SH",0.2,"M9_single_process_IIW_GEE",1000,1000,1,0.187839277896275,-0.0121607221037248,0.0121607221037248,0.0269723030820462,0.0268978203437846,0.997238547333722,0.0295746646726591,0.931,1,"power",0.105439455747636,0.000852939114796455,0.00801492358042171,0,0.101984318160171,0.268844420369307
"VD_SH_A","VD","SH",0.2,"M10_separate_two_process_IIW_GEE",1000,1000,1,0.186985382893996,-0.0130146171060037,0.0130146171060037,0.0265732841993926,0.0265662773736662,0.999736320671777,0.0295772472032884,0.928,1,"power",0.104139807304772,0.000840321029810447,0.00817410545564467,0,0.102643751235685,0.269703257534411
"VD_SH_A","VD","SH",0.2,"M11_combined_two_process_IIW_GEE",1000,1000,1,0.187126096743769,-0.0128739032562315,0.0128739032562315,0.0266213498799938,0.0265383829904216,0.9968834454321,0.0295588389185776,0.926,1,"power",0.104030461322453,0.000841841000090305,0.00827792244467173,0,0.103226570373745,0.271209722603201
"VD_SH_A","VD","SH",0.2,"M12_oracle_combined_IIW_GEE",1000,1000,1,0.186792985485671,-0.0132070145143287,0.0132070145143287,0.0264535755126348,0.0265596384583048,1.00400939924432,0.0295553226699854,0.928,1,"power",0.104113782756555,0.000836535508751822,0.00817410545564467,0,0.100638744753537,0.269175982334962
