"method","minimum","q01","median","q99","maximum","raw_q01","raw_q99","raw_maximum","mean","effective_sample_fraction","fraction_truncated","scenario_id","replicate","seed"
"M9_single_process_IIW_GEE",0.210975187753685,0.211233656729178,0.910632123214353,3.12600182634696,3.12717180805971,0.210084416391598,3.11396838295268,11.1528103640992,0.999881237673531,0.793229037142147,0.0199589081303199,"VD_B_N",1,20560001
"M10_separate_two_process_IIW_GEE",0.172788014201271,0.172834077055172,0.898350085821286,3.46727385409729,3.46862488431449,0.171283841265565,3.43842943528857,16.5609350005039,0.999754026871383,0.760371930528201,0.0199589081303199,"VD_B_N",1,20560001
"M11_combined_two_process_IIW_GEE",0.178458830163715,0.17870568851985,0.902826887490457,3.38810437843624,3.39082667708142,0.176922837191465,3.36164187327353,16.5609350005039,0.999756829088726,0.768517739303436,0.0199589081303199,"VD_B_N",1,20560001
"M12_oracle_combined_IIW_GEE",0.169790140563051,0.169908884278916,0.917722931867629,3.24001059038922,3.2417333447607,0.154066419464569,2.94152680261618,13.9269472389751,0.997141398408499,0.782297842813393,0.0199589081303199,"VD_B_N",1,20560001
"M9_single_process_IIW_GEE",0.217259671891101,0.217475550398281,0.934845979529348,3.13109183244426,3.13484193917431,0.21475874757031,3.09875607759091,13.0232061503955,0.999662179812295,0.810602310030184,0.0199707325471292,"VD_B_N",2,20560002
"M10_separate_two_process_IIW_GEE",0.188811450434032,0.188840784465242,0.920900569967806,3.44624848286013,3.45168835904774,0.186856927203823,3.41595744831276,18.179404725155,0.99969656369216,0.777641785370796,0.0199276921752604,"VD_B_N",2,20560002
"M11_combined_two_process_IIW_GEE",0.19490390908268,0.194969499530804,0.924781923293942,3.36048115630085,3.36357853561684,0.192492338634113,3.32196055762909,18.179404725155,0.999636568625998,0.786167263929522,0.0199707325471292,"VD_B_N",2,20560002
"M12_oracle_combined_IIW_GEE",0.188139565546403,0.188384969355907,0.930395134160675,3.22409752962668,3.22760099676238,0.17434070749038,2.99087669113078,14.7898187761708,0.997703955744501,0.794632845190502,0.0199707325471292,"VD_B_N",2,20560002
"M9_single_process_IIW_GEE",0.220589303290713,0.22065359176785,0.926009421320557,3.27080665702801,3.27367629183989,0.218753975289602,3.24643893411058,10.6286779414301,0.999765907487788,0.794191664166972,0.0199600798403194,"VD_B_A",1,20660001
"M10_separate_two_process_IIW_GEE",0.189410202780815,0.189441275376306,0.913938665383181,3.45546539259436,3.46002375877274,0.187194260882229,3.41954435742793,15.0374205398309,0.999669709847795,0.766414786452726,0.0199600798403194,"VD_B_A",1,20660001
"M11_combined_two_process_IIW_GEE",0.197106683357043,0.197165911436513,0.917356078060932,3.40709003183676,3.40960531584986,0.19504666318477,3.37397052351044,15.0374205398309,0.999705311808183,0.773419172920193,0.0199600798403194,"VD_B_A",1,20660001
"M12_oracle_combined_IIW_GEE",0.216100837568697,0.216153527282241,0.888666569402561,3.56659451390713,3.56706813128924,0.216123443096405,3.56744126939637,15.9209562621729,1.00000291838482,0.761580024717753,0.0199600798403194,"VD_B_A",1,20660001
"M9_single_process_IIW_GEE",0.200981654879795,0.201073739176462,0.923896278075495,3.24787183211946,3.24824194018649,0.199291870461921,3.22093184255945,9.83908694691969,0.999756882697866,0.790971980177766,0.0199725698611349,"VD_B_A",2,20660002
"M10_separate_two_process_IIW_GEE",0.184911606649159,0.18501110635573,0.912720642527441,3.42169916505226,3.42482257671488,0.182604706317811,3.38209554361942,11.5429510199249,0.999637764495934,0.770936148039148,0.0199725698611349,"VD_B_A",2,20660002
"M11_combined_two_process_IIW_GEE",0.195343080286309,0.195486189426139,0.91386965386105,3.34618645444169,3.34804745276788,0.192815329176793,3.30472351904551,11.5429510199249,0.999624104694819,0.778770594910463,0.0199725698611349,"VD_B_A",2,20660002
"M12_oracle_combined_IIW_GEE",0.201467041769452,0.202016455334548,0.899975555672949,3.54477215504086,3.55047443722567,0.203391547079372,3.58439019261257,12.9593904547111,1.00027130660319,0.76721335895184,0.0199725698611349,"VD_B_A",2,20660002
"M9_single_process_IIW_GEE",0.207575510672581,0.207630153348331,0.913785104374353,3.22851969328127,3.2304787836661,0.206057038753566,3.20684694336818,12.3734668740116,0.999791366659485,0.786301377048835,0.0199897048730268,"VD_SH_N",1,20760001
"M10_separate_two_process_IIW_GEE",0.178767805607287,0.178895292659248,0.905249563196062,3.42137121098798,3.42177191941292,0.176277649706124,3.37410816078136,17.7687658214532,0.999600061063453,0.763717940326834,0.0199468085106383,"VD_SH_N",1,20760001
"M11_combined_two_process_IIW_GEE",0.185308383251334,0.185534325316265,0.905883874423078,3.38226310520752,3.38582169900078,0.182723446183068,3.33859158526969,17.7687658214532,0.999599483789838,0.769129377308133,0.0199897048730268,"VD_SH_N",1,20760001
"M12_oracle_combined_IIW_GEE",0.168958268999841,0.169202550547033,0.922226941391706,3.20893661643329,3.21535271706789,0.153137974499235,2.91428531617386,16.5578689345408,0.99707520072524,0.77786710012603,0.0199897048730268,"VD_SH_N",1,20760001
"M9_single_process_IIW_GEE",0.226899161078049,0.226980811050049,0.931766515626413,3.01675402720349,3.01849245263738,0.226096037772981,3.00780831602195,9.51183057796341,0.999897821776095,0.812159663686537,0.0199735393282404,"VD_SH_N",2,20760002
"M10_separate_two_process_IIW_GEE",0.174634479537887,0.174728877234741,0.905162799132469,3.40358561986555,3.40478489229739,0.173352351999553,3.37978771829104,13.3472241904654,0.999787249513233,0.764627231470216,0.0199735393282404,"VD_SH_N",2,20760002
"M11_combined_two_process_IIW_GEE",0.181131925775092,0.181170910618695,0.909050055550136,3.35135585084211,3.35545485193171,0.179851279466917,3.33173097857263,10.7804673805118,0.999795174160933,0.770330802233267,0.0199735393282404,"VD_SH_N",2,20760002
"M12_oracle_combined_IIW_GEE",0.181434823027614,0.181482814426307,0.933150554094996,3.15588931336609,3.15950824181235,0.167987113567898,2.92532966372867,8.42393640936124,0.997697278467026,0.791974359529553,0.0199735393282404,"VD_SH_N",2,20760002
"M9_single_process_IIW_GEE",0.222644583800486,0.222774980127966,0.936797895544275,3.05170781485234,3.05416870999187,0.221008368351452,3.03172361861825,16.8918023005109,0.99979952873995,0.820283617863142,0.0199731586010894,"VD_SH_A",1,20860001
"M10_separate_two_process_IIW_GEE",0.197544208437442,0.197977312849495,0.936501902703612,3.13809549036758,3.14180840338106,0.195593630023673,3.11078575938503,10.6946455327787,0.99972995940489,0.813698983033174,0.0199731586010894,"VD_SH_A",1,20860001
"M11_combined_two_process_IIW_GEE",0.210929266624777,0.21111610763177,0.937571060805308,3.05120766638003,3.05423098027969,0.209007265317141,3.02640062732842,8.74391381741987,0.999750992375394,0.820725927749745,0.0199731586010894,"VD_SH_A",1,20860001
"M12_oracle_combined_IIW_GEE",0.211271892910183,0.211809901157276,0.909800954682025,3.25697348447688,3.26094716986664,0.204977619141573,3.16379608199883,11.1441824035245,0.999168505207493,0.79624051788913,0.0199731586010894,"VD_SH_A",1,20860001
"M9_single_process_IIW_GEE",0.233190209310628,0.233753215170354,0.927001052879341,2.92875940407519,2.93045623194868,0.231072521234039,2.9038436557187,8.15192182137278,0.999752163515851,0.819657384399153,0.020000833368057,"VD_SH_A",2,20860002
"M10_separate_two_process_IIW_GEE",0.187409347168546,0.187644649279875,0.919923022864204,3.40302277848637,3.41687177943617,0.185152880369949,3.37573158103172,14.1919562147565,0.999670428213492,0.779090095148523,0.020000833368057,"VD_SH_A",2,20860002
"M11_combined_two_process_IIW_GEE",0.194828944524247,0.194875870642506,0.922556175993642,3.36839565211926,3.37014850362134,0.192564685692252,3.33098138431526,14.1919562147565,0.999682019142346,0.784035957862422,0.020000833368057,"VD_SH_A",2,20860002
"M12_oracle_combined_IIW_GEE",0.212552761297398,0.212584938525073,0.900941250308501,3.43758377250904,3.45066244186531,0.206098541903441,3.3458821872201,15.2249282780475,0.999153122965655,0.778517559079599,0.020000833368057,"VD_SH_A",2,20860002
"M9_single_process_IIW_GEE",0.23743049888233,0.237615025374046,0.863353709460796,3.19817394875227,3.1982910573021,0.236415280538443,3.18461562905784,10.2769767691614,0.999878424423466,0.752061393693212,0.01996378251844,"VS_B_N",1,20960001
"M10_separate_two_process_IIW_GEE",0.209253502017446,0.209418913346571,0.839139947564877,3.3997933247566,3.40090104841319,0.208478901380815,3.38831182007617,8.30034955091887,0.99989480910152,0.719768007155998,0.01996378251844,"VS_B_N",1,20960001
"M11_combined_two_process_IIW_GEE",0.214292608322577,0.214432818388841,0.842595371656278,3.34246525390155,3.34276442665211,0.213692775624297,3.33340759712145,8.43538870106465,0.999920530089997,0.727615187043977,0.01996378251844,"VS_B_N",1,20960001
"M12_oracle_combined_IIW_GEE",0.21571799584778,0.215821992888839,0.8463028355189,3.2903455997355,3.29392873371882,0.193286509417127,2.95140878120596,7.17634331743164,0.996714367884699,0.733882159150744,0.01996378251844,"VS_B_N",1,20960001
"M9_single_process_IIW_GEE",0.244908246124204,0.245001022631204,0.856268047195262,3.18518301791217,3.18527241086424,0.243899910487707,3.17215801502558,8.35875766633158,0.999880487735115,0.751511597452167,0.0199728439402567,"VS_B_N",2,20960002
"M10_separate_two_process_IIW_GEE",0.221786073566788,0.22203516441051,0.851346674938924,3.28066073760023,3.28217151342018,0.220020926877362,3.25604943060465,9.83537057354125,0.999768081275352,0.740099574590288,0.0199728439402567,"VS_B_N",2,20960002
"M11_combined_two_process_IIW_GEE",0.239350853186555,0.23954269712467,0.857894545741615,3.17565609832093,3.1784792134946,0.236931438670949,3.14635040073166,9.41507651927844,0.99970480663487,0.752796511259197,0.0199728439402567,"VS_B_N",2,20960002
"M12_oracle_combined_IIW_GEE",0.216792556168851,0.216812940117964,0.847004349995419,3.26319421325246,3.26527815491067,0.194549231851298,2.93025447019463,7.80778844776191,0.996694865212892,0.737768981794841,0.0199728439402567,"VS_B_N",2,20960002
"M9_single_process_IIW_GEE",0.237422468763711,0.237462350898148,0.86390312030575,3.10311052348323,3.10437781863607,0.236771158827639,3.09586172439644,7.26100990627532,0.999927891355105,0.757942485096336,0.0199835429646174,"VS_B_A",1,21060001
"M10_separate_two_process_IIW_GEE",0.209980654918147,0.21003395804937,0.861266652318876,3.27780438530192,3.27846267773335,0.207682289590259,3.24257791991976,9.13134411616208,0.999709899799685,0.74144438598794,0.0199835429646174,"VS_B_A",1,21060001
"M11_combined_two_process_IIW_GEE",0.22363437362419,0.223664484855683,0.869177620278797,3.19720280147113,3.20012520587416,0.221251542177407,3.16602776883609,9.13134411616208,0.99971768402952,0.75325451297695,0.0199835429646174,"VS_B_A",1,21060001
"M12_oracle_combined_IIW_GEE",0.207992249180844,0.208087896062014,0.861058275888377,3.15399541409061,3.16085393606119,0.190624615736379,2.89691836755222,9.13382811268814,0.997611693319284,0.745648503666493,0.0199835429646174,"VS_B_A",1,21060001
"M9_single_process_IIW_GEE",0.238952809540475,0.239053527119694,0.856165093264931,3.19977790920731,3.20083545491105,0.237459948699915,3.18083819303786,8.79844992657537,0.999827846520183,0.747067948100566,0.0199594320486815,"VS_B_A",2,21060002
"M10_separate_two_process_IIW_GEE",0.210445433198284,0.210605035417882,0.835365554671615,3.49505203362469,3.49563174326543,0.208275880113942,3.45959409438387,11.5168537231268,0.999714754926947,0.715284814118538,0.0199594320486815,"VS_B_A",2,21060002
"M11_combined_two_process_IIW_GEE",0.220415530672692,0.220883798673803,0.841161634346672,3.39405701538908,3.39604326529915,0.218081093622627,3.36007552201925,11.5168537231268,0.999706876255318,0.725279436205189,0.0199594320486815,"VS_B_A",2,21060002
"M12_oracle_combined_IIW_GEE",0.217497745057889,0.217506496555111,0.842253161745349,3.33783833338674,3.33914793109183,0.202816367919897,3.11375115705698,10.0832220330028,0.998017785524842,0.729217759436826,0.0199594320486815,"VS_B_A",2,21060002
"M9_single_process_IIW_GEE",0.258965159176502,0.259012692515046,0.875016184285707,3.00602776445999,3.00662424412937,0.257701510426558,2.99195309307674,9.85205579554127,0.999858537384694,0.776103210332574,0.0199623517051175,"VS_SH_N",1,21160001
"M10_separate_two_process_IIW_GEE",0.218826393538757,0.218862292169061,0.845483888496393,3.34923821181989,3.36149285145788,0.216730321568473,3.32929412611079,11.0615016170471,0.999720990629098,0.729940955602532,0.0199623517051175,"VS_SH_N",1,21160001
"M11_combined_two_process_IIW_GEE",0.221074352957188,0.221083011886131,0.850894345555395,3.28038228902536,3.28290076040764,0.218892166104634,3.25049581256193,11.0615016170471,0.999712396616656,0.738175729074687,0.0199623517051175,"VS_SH_N",1,21160001
"M12_oracle_combined_IIW_GEE",0.220233086328155,0.220423411205519,0.864536861164632,3.15851180231734,3.1627343199077,0.201281965213917,2.89058011207255,10.7197915815489,0.997283796415772,0.756269930674869,0.0199623517051175,"VS_SH_N",1,21160001
"M9_single_process_IIW_GEE",0.25047956494283,0.250606749165084,0.878027009794768,2.94407021934107,2.9461687847339,0.248968064373192,2.92839034521372,8.0491942317703,0.999823463318787,0.776631330805145,0.0199668672072543,"VS_SH_N",2,21160002
"M10_separate_two_process_IIW_GEE",0.221033420842632,0.221216725088775,0.863676807530732,3.20446590522277,3.20600261131284,0.219428083642555,3.18271782824311,9.38664054599494,0.999787262356192,0.748426169691556,0.0199668672072543,"VS_SH_N",2,21160002
"M11_combined_two_process_IIW_GEE",0.228137630691955,0.22843512645027,0.865138974901869,3.16127765154038,3.16144853842505,0.226481685133049,3.13850104549705,8.89200376825359,0.999787390212925,0.754432066640841,0.0199232714273258,"VS_SH_N",2,21160002
"M12_oracle_combined_IIW_GEE",0.21289120432998,0.212963328804562,0.857314026332047,3.17505567294517,3.17709744575708,0.191268972697551,2.85441649185313,8.18385318178807,0.996712798883738,0.748687731031081,0.0199668672072543,"VS_SH_N",2,21160002
"M9_single_process_IIW_GEE",0.261181464250796,0.26120723966625,0.885652485883306,2.86459142895251,2.86649756503118,0.260020537328789,2.85375625429285,6.86917604045471,0.999877480903329,0.784172953188463,0.0200024796462371,"VS_SH_A",1,21260001
"M10_separate_two_process_IIW_GEE",0.225423540445331,0.225521123339191,0.868225451543713,3.10172362760788,3.10513084672911,0.223905369292913,3.08421856726321,7.3586151577631,0.999813935816441,0.754567579619565,0.0200024796462371,"VS_SH_A",1,21260001
"M11_combined_two_process_IIW_GEE",0.230595737566392,0.230784381662641,0.871353306435624,3.07030620295184,3.07072519142163,0.228967668924259,3.04904503616152,7.3586151577631,0.999804878509994,0.76014510261557,0.0200024796462371,"VS_SH_A",1,21260001
"M12_oracle_combined_IIW_GEE",0.227946590002535,0.228055167264176,0.874879461315813,3.02625895390985,3.02712744794252,0.21754718306229,2.88902347283682,6.63317060245983,0.998688218010908,0.76257723927429,0.0200024796462371,"VS_SH_A",1,21260001
"M9_single_process_IIW_GEE",0.267436113338112,0.267688355702245,0.883668074383717,2.92688764767533,2.92729996817957,0.266344671244241,2.91535327045509,7.70067932403428,0.999886844903444,0.785386579431031,0.0200281246005028,"VS_SH_A",2,21260002
"M10_separate_two_process_IIW_GEE",0.237723351565426,0.237811989409157,0.874084751509539,3.01285730258379,3.01637219092232,0.235236508608502,2.98481768065205,9.71340933378917,0.999708081870077,0.772084489981907,0.0200281246005028,"VS_SH_A",2,21260002
"M11_combined_two_process_IIW_GEE",0.249181162829403,0.249250555083472,0.877345470471916,2.96129268098106,2.96142599787295,0.246772237637917,2.93279681255254,9.71340933378917,0.999730446828054,0.778254194715356,0.0200281246005028,"VS_SH_A",2,21260002
"M12_oracle_combined_IIW_GEE",0.230109007173462,0.230195222949667,0.855186834911199,3.22666131161914,3.22678156442359,0.223138015353727,3.12902846833243,11.8322325772748,0.999137342426203,0.747847170790631,0.0200281246005028,"VS_SH_A",2,21260002
