"scenario_id","mechanism","structure","true_beta3","method","attempted","successful","convergence_rate","mean_estimate","bias","relative_bias_percent","empirical_se","mean_model_se","model_to_empirical_se_ratio","rmse","coverage_95","rejection_rate_005","rejection_label","mean_ci_width","mcse_bias","mcse_coverage","mcse_rejection","minimum_estimate","maximum_estimate"
"VD_B_A","VD","B",0.2,"M10_separate_two_process_IIW_GEE",2,2,1,0.205238116834662,0.0052381168346616,2.6190584173308,0.0287123902504674,0.0269025902789419,0.93696797947722,0.0209675593458355,1,1,"power",0.105458153893452,0.02030272585018,0,0,0.184935390984482,0.225540842684842
"VD_B_A","VD","B",0.2,"M11_combined_two_process_IIW_GEE",2,2,1,0.20391180032244,0.00391180032244003,1.95590016122001,0.0290156353682814,0.026857867120997,0.92563429268748,0.020886735735274,1,1,"power",0.105282839114308,0.020517152529348,0,0,0.183394647793092,0.224428952851788
"VD_B_A","VD","B",0.2,"M12_oracle_combined_IIW_GEE",2,2,1,0.201769108994584,0.0017691089945842,0.884554497292099,0.0245383730579578,0.0268689313151017,1.09497607081119,0.0174412047405124,1,1,"power",0.105326210755198,0.0173512499885672,0,0,0.184417859006017,0.219120358983151
"VD_B_A","VD","B",0.2,"M8_patient_clustered_GEE",2,2,1,0.155633186564274,-0.0443668134357258,-22.1834067178629,0.0340828951075505,0.0321789344368246,0.944137354977683,0.0504899594364726,0.5,1,"power",0.126141422992352,0.0241002462530188,0.353553390593274,0,0.131532940311255,0.179733432817293
"VD_B_A","VD","B",0.2,"M9_single_process_IIW_GEE",2,2,1,0.205091006227009,0.00509100622700921,2.54550311350461,0.0277822751626417,0.0274455668209159,0.987880461922045,0.0202939831233254,1,1,"power",0.10758662193799,0.0196450351642946,0,0,0.185445971062715,0.224736041391304
"VD_B_N","VD","B",0,"M10_separate_two_process_IIW_GEE",2,2,1,-0.0174644745889806,-0.0174644745889806,NA,0.00259983949525244,0.0282075696863986,10.8497350463012,0.0175609639647056,1,0,"type_I_error",0.110573673170682,0.00183836413708961,0,0,-0.0193028387260702,-0.015626110451891
"VD_B_N","VD","B",0,"M11_combined_two_process_IIW_GEE",2,2,1,-0.0185183112838693,-0.0185183112838693,NA,0.00330302340932634,0.0281347433945735,8.51787586946337,0.0186650163307606,1,0,"type_I_error",0.110288194106728,0.00233559025115257,0,0,-0.0208539015350219,-0.0161827210327167
"VD_B_N","VD","B",0,"M12_oracle_combined_IIW_GEE",2,2,1,-0.0153821745950339,-0.0153821745950339,NA,0.00386900250749433,0.0278121583743457,7.18845705591377,0.0156235682695601,1,0,"type_I_error",0.109023660827435,0.002735797909477,0,0,-0.0181179725045109,-0.0126463766855569
"VD_B_N","VD","B",0,"M8_patient_clustered_GEE",2,2,1,-0.0529606675410423,-0.0529606675410423,NA,0.00350577436791421,0.0314739125522081,8.97773480240653,0.0530186526927285,1,0,"type_I_error",0.123377737204656,0.00247895682886212,0,0,-0.0554396243699044,-0.0504817107121802
"VD_B_N","VD","B",0,"M9_single_process_IIW_GEE",2,2,1,-0.0153751482092325,-0.0153751482092325,NA,0.00139032918760983,0.0280070979068522,20.1442206323815,0.0154065469875902,1,0,"type_I_error",0.109787823794861,0.000983111196640496,0,0,-0.016358259405873,-0.014392037012592
"VD_SH_A","VD","SH",0.2,"M10_separate_two_process_IIW_GEE",2,2,1,0.1724189452101,-0.0275810547898996,-13.7905273949498,0.0544001521742167,0.0260957844685622,0.479700578501883,0.0473328940760272,0.5,1,"power",0.102295475116764,0.0384667164999688,0.353553390593274,0,0.133952228710132,0.210885661710069
"VD_SH_A","VD","SH",0.2,"M11_combined_two_process_IIW_GEE",2,2,1,0.17272683012608,-0.0272731698739201,-13.63658493696,0.0547472406758551,0.0260142129731976,0.475169390311766,0.0473545771365525,0.5,1,"power",0.101975714854934,0.0387121451331491,0.353553390593274,0,0.134014684992931,0.211438975259229
"VD_SH_A","VD","SH",0.2,"M12_oracle_combined_IIW_GEE",2,2,1,0.169277154625383,-0.0307228453746172,-15.3614226873086,0.050664322477391,0.0259813249932538,0.512813035343521,0.047194597296292,0.5,1,"power",0.101846793973555,0.0358250859879852,0.353553390593274,0,0.133452068637398,0.205102240613368
"VD_SH_A","VD","SH",0.2,"M8_patient_clustered_GEE",2,2,1,0.118826127870568,-0.0811738721294323,-40.5869360647161,0.0330531603178673,0.0319013558398277,0.965152969732307,0.0844716119177605,0.5,1,"power",0.125053314892124,0.0233721138004101,0.353553390593274,0,0.0954540140701577,0.142198241670978
"VD_SH_A","VD","SH",0.2,"M9_single_process_IIW_GEE",2,2,1,0.169315607085034,-0.0306843929149661,-15.342196457483,0.0431065187353247,0.0266279027904071,0.617723341425532,0.0432506410044923,0.5,1,"power",0.104381378938396,0.0304809117110931,0.353553390593274,0,0.138834695373941,0.199796518796127
"VD_SH_N","VD","SH",0,"M10_separate_two_process_IIW_GEE",2,2,1,-0.00285096641566339,-0.00285096641566339,NA,0.016603859447821,0.027093481003042,1.63175803120868,0.0120818907371627,1,0,"type_I_error",0.106206445531925,0.0117407016094225,0,0,-0.0145916680250859,0.00888973519375916
"VD_SH_N","VD","SH",0,"M11_combined_two_process_IIW_GEE",2,2,1,-0.001500280316317,-0.001500280316317,NA,0.0137300527360443,0.0271001602740572,1.97378413579676,0.00982384930130786,1,0,"type_I_error",0.106232628274304,0.00970861339570583,0,0,-0.0112088937120228,0.00820833307938883
"VD_SH_N","VD","SH",0,"M12_oracle_combined_IIW_GEE",2,2,1,0.00388006201527221,0.00388006201527221,NA,0.0133314318279469,0.0270488036473408,2.02894962794904,0.0101940383820131,1,0,"type_I_error",0.106031310297576,0.0094267458484674,0,0,-0.00554668383319519,0.0133068078637396
"VD_SH_N","VD","SH",0,"M8_patient_clustered_GEE",2,2,1,-0.0306950718872368,-0.0306950718872368,NA,0.0275165680890496,0.0329198675695773,1.19636531209275,0.0363423746866146,1,0,"type_I_error",0.129045880872743,0.0194571518907483,0,0,-0.0501522237779851,-0.0112379199964885
"VD_SH_N","VD","SH",0,"M9_single_process_IIW_GEE",2,2,1,-0.00194630183552532,-0.00194630183552532,NA,0.0185184218922287,0.0275502968394213,1.48772379200318,0.0132383558467152,1,0,"type_I_error",0.107997163610532,0.0130945016968684,0,0,-0.0150408035323937,0.011148199861343
"VS_B_A","VS","B",0.2,"M10_separate_two_process_IIW_GEE",2,2,1,0.175698419338274,-0.0243015806617258,-12.1507903308629,0.00135204992986804,0.0266071650730158,19.6791290656054,0.024320379153393,1,1,"power",0.104300087086222,0.000956043673912485,0,0,0.174742375664362,0.176654463012187
"VS_B_A","VS","B",0.2,"M11_combined_two_process_IIW_GEE",2,2,1,0.177180524874738,-0.022819475125262,-11.409737562631,0.000485930665240332,0.0266345304710573,54.8113802570669,0.0228220618984824,1,1,"power",0.104407359446545,0.000343604868577929,0,0,0.17683692000616,0.177524129743316
"VS_B_A","VS","B",0.2,"M12_oracle_combined_IIW_GEE",2,2,1,0.171169677803588,-0.0288303221964123,-14.4151610982062,0.00534864899610814,0.0264378607201877,4.942904411829,0.0290773365525581,1,1,"power",0.103636414023136,0.00378206597533469,0,0,0.167387611828253,0.174951743778922
"VS_B_A","VS","B",0.2,"M8_patient_clustered_GEE",2,2,1,0.178601267671119,-0.0213987323288813,-10.6993661644406,0.0279199146487442,0.0326020286766808,1.16769800648897,0.0291147138450593,1,1,"power",0.127799952412589,0.0197423609782767,0,0,0.158858906692842,0.198343628649395
"VS_B_A","VS","B",0.2,"M9_single_process_IIW_GEE",2,2,1,0.173426362187127,-0.0265736378128732,-13.2868189064366,0.00489174983091557,0.0272327264042172,5.56707259069301,0.0267978139931954,1,1,"power",0.106752287504532,0.00345898947730855,0,0,0.169967372709818,0.176885351664435
"VS_B_N","VS","B",0,"M10_separate_two_process_IIW_GEE",2,2,1,-0.024333179867744,-0.024333179867744,NA,0.0347532816051005,0.0282685844331937,0.813407630232104,0.0345832175142465,1,0,"type_I_error",0.110812850978119,0.0245742810914522,0,0,-0.0489074609591962,0.000241101223708235
"VS_B_N","VS","B",0,"M11_combined_two_process_IIW_GEE",2,2,1,-0.0252499238717466,-0.0252499238717466,NA,0.0324817551290298,0.0281621883371278,0.867015597687285,0.0341334273646835,1,0,"type_I_error",0.110395778281541,0.0229680693165779,0,0,-0.0482179931883245,-0.00228185455516869
"VS_B_N","VS","B",0,"M12_oracle_combined_IIW_GEE",2,2,1,-0.0240789884446165,-0.0240789884446165,NA,0.0331217180551531,0.0282282013448452,0.852256555588107,0.0335905014547044,1,0,"type_I_error",0.110654549271793,0.0234205914413476,0,0,-0.0474995798859641,-0.000658397003268804
"VS_B_N","VS","B",0,"M8_patient_clustered_GEE",2,2,1,-0.0496933482468172,-0.0496933482468172,NA,0.000720964439673242,0.0329306662560532,45.6758536814633,0.0496959631644371,1,0,"type_I_error",0.129088211723729,0.000509798844287309,0,0,-0.0502031470911045,-0.0491835494025299
"VS_B_N","VS","B",0,"M9_single_process_IIW_GEE",2,2,1,-0.0265481988247474,-0.0265481988247474,NA,0.0346282878140006,0.0287792801512111,0.831091629646651,0.0361160077985227,1,0,"type_I_error",0.112814778192747,0.0244858971341593,0,0,-0.0510340959589068,-0.00206230169058807
"VS_SH_A","VS","SH",0.2,"M10_separate_two_process_IIW_GEE",2,2,1,0.159231358400775,-0.0407686415992249,-20.3843207996125,0.0198626807039565,0.0265641236537115,1.33738864605623,0.0431201250023665,0.5,1,"power",0.104131364722549,0.0140450362183108,0.353553390593274,0,0.145186322182464,0.173276394619086
"VS_SH_A","VS","SH",0.2,"M11_combined_two_process_IIW_GEE",2,2,1,0.16044744725641,-0.0395525527435904,-19.7762763717952,0.0188000292780429,0.0264942862708385,1.4092683516074,0.0417267897035243,0.5,1,"power",0.103857602181687,0.0132936281890098,0.353553390593274,0,0.1471538190674,0.173741075445419
"VS_SH_A","VS","SH",0.2,"M12_oracle_combined_IIW_GEE",2,2,1,0.159766219786962,-0.0402337802130375,-20.1168901065188,0.0160712132443434,0.0264228326383146,1.64410939215275,0.041807882244902,1,1,"power",0.103577503942193,0.0113640638669702,0,0,0.148402155919992,0.171130283653933
"VS_SH_A","VS","SH",0.2,"M8_patient_clustered_GEE",2,2,1,0.184265666120357,-0.015734333879643,-7.86716693982149,0.00111843762574846,0.0303891942282184,27.1711122092141,0.0157541967106364,1,1,"power",0.119125641374616,0.00079085482950092,0,0,0.183474811290856,0.185056520949858
"VS_SH_A","VS","SH",0.2,"M9_single_process_IIW_GEE",2,2,1,0.162793588240429,-0.0372064117595707,-18.6032058797854,0.0181436827263949,0.0265877918060461,1.46540215715781,0.0393562407689145,1,1,"power",0.104224143879701,0.0128295210915311,0,0,0.149964067148898,0.17562310933196
"VS_SH_N","VS","SH",0,"M10_separate_two_process_IIW_GEE",2,2,1,-0.00709507928412626,-0.00709507928412626,NA,0.036505196494768,0.0264587619777014,0.724794399654678,0.0267704097019237,1,0,"type_I_error",0.10371834695259,0.0258130719899978,0,0,-0.0329081512741241,0.0187179927058716
"VS_SH_N","VS","SH",0,"M11_combined_two_process_IIW_GEE",2,2,1,-0.00723994848887331,-0.00723994848887331,NA,0.0348206706324233,0.0264448667453993,0.759458857773267,0.0256643021679412,1,0,"type_I_error",0.103663877641965,0.0246219323296497,0,0,-0.0318618808185231,0.0173819838407764
"VS_SH_N","VS","SH",0,"M12_oracle_combined_IIW_GEE",2,2,1,-0.00768009072578857,-0.00768009072578857,NA,0.032929216103338,0.0264907166161627,0.804474559401291,0.024518369239134,1,0,"type_I_error",0.103843609135358,0.0232844720058276,0,0,-0.0309645627316161,0.015604381280039
"VS_SH_N","VS","SH",0,"M8_patient_clustered_GEE",2,2,1,-0.00868985135180651,-0.00868985135180651,NA,0.0356404848986005,0.032821780941968,0.920912861745516,0.0266577493127266,1,0,"type_I_error",0.128661381292515,0.0252016285565771,0,0,-0.0338914799083836,0.0165117772047706
"VS_SH_N","VS","SH",0,"M9_single_process_IIW_GEE",2,2,1,-0.0107500683181624,-0.0107500683181624,NA,0.0465332722381372,0.0267721851547967,0.575334247241162,0.0346155554836183,1,0,"type_I_error",0.104946965806803,0.0329039923503865,0,0,-0.043654060668549,0.0221539240322241
